{
  "project_info": {
    "project_number": "232487846770",
    "firebase_url": "https://signuprnfb-default-rtdb.firebaseio.com",
    "project_id": "signuprnfb",
    "storage_bucket": "signuprnfb.appspot.com"
  },
  "client": [
    {
      "client_info": {
        "mobilesdk_app_id": "1:232487846770:android:76dc363db3832d0a7413eb",
        "android_client_info": {
          "package_name": "com.collegeapp"
        }
      },
      "oauth_client": [
        {
          "client_id": "232487846770-n7f636ofb4b90gv87qg4isqqi1qj6ilm.apps.googleusercontent.com",
          "client_type": 1,
          "android_info": {
            "package_name": "com.collegeapp",
            "certificate_hash": "5e8f16062ea3cd2c4a0d547876baa6f38cabf625"
          }
        },
        {
          "client_id": "232487846770-s1rl85nfr19nf31o46tca77r4ft65ip1.apps.googleusercontent.com",
          "client_type": 3
        }
      ],
      "api_key": [
        {
          "current_key": "AIzaSyAE5djer-crDqH_IeU6rLbrbNc7AmlTpCs"
        }
      ],
      "services": {
        "appinvite_service": {
          "other_platform_oauth_client": [
            {
              "client_id": "232487846770-s1rl85nfr19nf31o46tca77r4ft65ip1.apps.googleusercontent.com",
              "client_type": 3
            }
          ]
        }
      }
    },
    {
      "client_info": {
        "mobilesdk_app_id": "1:232487846770:android:9ccfbb346101576c7413eb",
        "android_client_info": {
          "package_name": "com.signupwithrn"
        }
      },
      "oauth_client": [
        {
          "client_id": "232487846770-qg7aq8pbn3qlfki71cs2po1jnln8jeje.apps.googleusercontent.com",
          "client_type": 1,
          "android_info": {
            "package_name": "com.signupwithrn",
            "certificate_hash": "5e8f16062ea3cd2c4a0d547876baa6f38cabf625"
          }
        },
        {
          "client_id": "232487846770-s1rl85nfr19nf31o46tca77r4ft65ip1.apps.googleusercontent.com",
          "client_type": 3
        }
      ],
      "api_key": [
        {
          "current_key": "AIzaSyAE5djer-crDqH_IeU6rLbrbNc7AmlTpCs"
        }
      ],
      "services": {
        "appinvite_service": {
          "other_platform_oauth_client": [
            {
              "client_id": "232487846770-s1rl85nfr19nf31o46tca77r4ft65ip1.apps.googleusercontent.com",
              "client_type": 3
            }
          ]
        }
      }
    },
    {
      "client_info": {
        "mobilesdk_app_id": "1:232487846770:android:23c67b5570f100d47413eb",
        "android_client_info": {
          "package_name": "com.webrtc_firebase"
        }
      },
      "oauth_client": [
        {
          "client_id": "232487846770-s1rl85nfr19nf31o46tca77r4ft65ip1.apps.googleusercontent.com",
          "client_type": 3
        }
      ],
      "api_key": [
        {
          "current_key": "AIzaSyAE5djer-crDqH_IeU6rLbrbNc7AmlTpCs"
        }
      ],
      "services": {
        "appinvite_service": {
          "other_platform_oauth_client": [
            {
              "client_id": "232487846770-s1rl85nfr19nf31o46tca77r4ft65ip1.apps.googleusercontent.com",
              "client_type": 3
            }
          ]
        }
      }
    },
    {
      "client_info": {
        "mobilesdk_app_id": "1:232487846770:android:7f0a91897f72b4137413eb",
        "android_client_info": {
          "package_name": "com.webrtc_firebase1"
        }
      },
      "oauth_client": [
        {
          "client_id": "232487846770-keaa78a3u80cudgsa8p957blvds6pem0.apps.googleusercontent.com",
          "client_type": 1,
          "android_info": {
            "package_name": "com.webrtc_firebase1",
            "certificate_hash": "5e8f16062ea3cd2c4a0d547876baa6f38cabf625"
          }
        },
        {
          "client_id": "232487846770-s1rl85nfr19nf31o46tca77r4ft65ip1.apps.googleusercontent.com",
          "client_type": 3
        }
      ],
      "api_key": [
        {
          "current_key": "AIzaSyAE5djer-crDqH_IeU6rLbrbNc7AmlTpCs"
        }
      ],
      "services": {
        "appinvite_service": {
          "other_platform_oauth_client": [
            {
              "client_id": "232487846770-s1rl85nfr19nf31o46tca77r4ft65ip1.apps.googleusercontent.com",
              "client_type": 3
            }
          ]
        }
      }
    }
  ],
  "configuration_version": "1"
}